tom.looney,Tom,Looney
elliott.zapata,Elliott,Zapata
dominique.odonnell,Dominique,Odonnell
cedrick.mcdaniel,Cedrick,Mcdaniel
michale.fournier,Michale,Fournier
steve.evans,Steve,Evans
jerrell.spence,Jerrell,Spence
danny.clayton,Danny,Clayton
cecil.harper,Cecil,Harper
willard.bruner,Willard,Bruner
